seg_id,time_to_failure
seg_00030f,3.1330514
seg_0012b5,5.425137
seg_00184e,4.3617105
seg_003339,8.082189
seg_0042cc,6.5740457
seg_004314,2.7348185
seg_004cd2,7.167557
seg_004ee5,4.004279
seg_004f1f,5.0810595
seg_00648a,1.7044388
seg_006e4a,3.1071796
seg_007a37,5.186667
seg_00a37e,4.4610014
seg_00be11,3.079093
seg_00c35b,8.245986
seg_00cc91,4.807596
seg_00e5f7,5.4557543
seg_00f3b9,4.664274
seg_010eab,6.9135675
seg_0125d9,4.294607
seg_0144cb,4.604152
seg_0165c6,7.7567554
seg_016913,4.870586
seg_016cdb,4.9307394
seg_017314,6.973249
seg_01a8dc,4.9436865
seg_01c775,7.2010245
seg_01ecb0,4.457721
seg_02042f,1.6928461
seg_025e78,5.2982473
seg_032822,3.8997135
seg_0339ca,3.6776595
seg_037461,4.520681
seg_038879,6.556431
seg_03d386,1.956052
seg_03d63e,4.612832
seg_03d680,9.43682
seg_03f380,4.3104286
seg_0445d7,5.5867653
seg_046c28,1.9679931
seg_0488a1,6.713994
seg_049957,9.474505
seg_04a696,7.8054757
seg_04ae38,4.523571
seg_04b87a,7.9432635
seg_04cceb,7.121313
seg_04ee93,7.6593122
seg_04fd93,5.063968
seg_0536c9,3.6854997
seg_055127,5.820323
seg_05a1b0,4.513752
seg_05a4ad,7.64479
seg_05b66a,9.592153
seg_05bef4,2.8550735
seg_05e0d7,4.3198137
seg_05f126,8.29032
seg_05f9d6,5.919386
seg_060ce4,2.2731867
seg_061a33,6.4422555
seg_0620e6,6.5701885
seg_063865,6.2513227
seg_065588,4.7424936
seg_06893f,1.990761
seg_06b8c9,5.1326704
seg_06bbc5,2.1087165
seg_06d4a2,4.837052
seg_06d7ba,2.207775
seg_070bb0,1.6495653
seg_071067,2.6286407
seg_073696,8.654946
seg_075340,5.0107903
seg_075f77,2.805956
seg_0775a7,3.218522
seg_077b7e,4.756216
seg_079e34,4.422602
seg_07c815,4.6771736
seg_07cd72,3.5167441
seg_07f37c,3.4664755
seg_07f8df,4.6488943
seg_07fc6d,7.4053006
seg_086a61,8.726247
seg_0870ab,4.790265
seg_0879a8,6.993872
seg_08b136,7.214578
seg_08f441,4.3979845
seg_08fd5b,4.2640467
seg_091c9d,8.455442
seg_093a0a,7.7964716
seg_0968f1,6.8798156
seg_0981f3,2.1928668
seg_09dd59,6.4976797
seg_09ed4e,9.525908
seg_09f0ff,4.6841607
seg_0a0fbb,9.452377
seg_0a1bd0,4.9979672
seg_0a42ba,9.358676
seg_0a45a1,4.5229006
seg_0a97c4,5.3248677
seg_0aa0fb,6.7318993
seg_0b07c7,5.2251077
seg_0b082e,7.0486054
seg_0b32f7,3.383019
seg_0b3b94,5.2980537
seg_0b48c4,3.289218
seg_0b4b24,4.4682627
seg_0b54ac,4.5283737
seg_0b76f5,9.28664
seg_0b9ad8,7.1341305
seg_0b9ba3,9.42857
seg_0ba210,9.60319
seg_0ba585,4.8176813
seg_0bb5fd,3.9898577
seg_0bc877,2.196073
seg_0be6ee,2.1699605
seg_0c12cc,7.5028257
seg_0c1d3a,2.8651247
seg_0c247b,5.6209345
seg_0c3943,2.1278572
seg_0c4e31,1.6041006
seg_0c74cf,4.0171876
seg_0c8502,8.522023
seg_0c89ce,6.048619
seg_0c9aa8,9.630435
seg_0cb81b,2.5669394
seg_0cca14,4.61781
seg_0cdcc8,2.0017908
seg_0cf651,2.2010183
seg_0d0250,4.7906365
seg_0d04b9,5.2612495
seg_0d13a7,4.403778
seg_0d434c,9.078552
seg_0d540e,1.9158136
seg_0d663a,8.133492
seg_0d6d68,5.18312
seg_0d762e,5.8553724
seg_0d833c,7.705479
seg_0dae4b,3.9950395
seg_0dc38f,1.7134943
seg_0dcc40,5.3917513
seg_0df469,4.582973
seg_0df75c,9.076607
seg_0dfe8c,3.6124778
seg_0e1370,1.743725
seg_0e1fbe,4.6695313
seg_0e3739,5.0330105
seg_0e3d44,2.6294289
seg_0e3ed2,2.261376
seg_0e4833,9.281422
seg_0e7cc5,7.1826434
seg_0e8b79,9.393873
seg_0e9987,4.832012
seg_0e9bb3,5.681757
seg_0eb333,1.6109153
seg_0ebfd9,5.930895
seg_0f565c,4.229974
seg_0f74a3,7.0873833
seg_0f8961,9.008788
seg_0fc67a,9.296178
seg_0fca83,3.8785472
seg_0fd3ff,2.723279
seg_1010ad,7.9112773
seg_103b32,3.7098703
seg_105cd9,4.484294
seg_1084af,5.5075455
seg_10a595,5.3295107
seg_10c09d,8.32728
seg_10f3a6,4.359597
seg_112b81,6.5857906
seg_1144bc,9.672184
seg_114b79,4.959402
seg_115617,2.341167
seg_115a92,4.666131
seg_11647f,2.8433857
seg_117278,4.9640903
seg_117ff4,4.140411
seg_11860f,5.159772
seg_1201e8,4.815532
seg_121446,7.957418
seg_121cba,2.7112951
seg_122ba9,4.480484
seg_123dd4,6.6680894
seg_12ac20,9.260902
seg_12b9ba,6.427662
seg_12ee6e,2.616819
seg_130e17,2.3135095
seg_13468a,4.3197317
seg_136285,5.37319
seg_136695,7.352168
seg_137f8a,7.749215
seg_138807,5.400997
seg_13c2f0,4.77812
seg_13e25f,6.8726463
seg_140bc5,2.4990406
seg_141f34,9.662183
seg_146926,9.620831
seg_148698,7.497507
seg_14ad27,2.2582312
seg_14c054,7.4648614
seg_14c371,7.873776
seg_14c435,4.5369887
seg_14c89d,5.077204
seg_14c8ce,7.4167852
seg_14d1d3,5.0262537
seg_14f5f0,6.875205
seg_151368,7.429926
seg_151d92,2.4718342
seg_153d6a,9.336433
seg_154361,7.22999
seg_1562cb,9.027595
seg_158691,3.841937
seg_158764,6.202014
seg_15adff,4.3937845
seg_15bf25,7.2989244
seg_15c9f9,2.923809
seg_161aeb,7.846292
seg_161f5f,2.5276442
seg_162fc4,6.3611865
seg_16566c,3.844461
seg_166f70,9.144116
seg_168d1c,6.547376
seg_16a270,6.981239
seg_16c3a7,4.580842
seg_17067e,3.2068548
seg_170684,8.0520525
seg_170a0c,8.644378
seg_176542,7.1747737
seg_17799c,6.9951115
seg_179d90,8.049063
seg_17adc0,4.739695
seg_17d1ff,4.790382
seg_17e596,7.2423043
seg_180481,5.2248855
seg_18096a,6.656847
seg_1815fe,8.491575
seg_1827c5,9.286403
seg_184222,4.6996975
seg_185ad6,8.046651
seg_18d1d0,3.0751119
seg_18d307,1.5429257
seg_18f633,1.7394012
seg_18f853,5.167768
seg_18fb65,2.2643437
seg_193404,9.556839
seg_19515c,5.1575994
seg_195eda,5.4916425
seg_1969c8,6.8948317
seg_19b08e,4.9015365
seg_19b9dd,6.187058
seg_19e1ff,6.1218214
seg_19ec5c,9.717497
seg_1a0e94,9.163026
seg_1a0eca,4.5362167
seg_1a671a,4.9345193
seg_1a791c,4.8281574
seg_1a8e06,2.0951943
seg_1a8f0d,3.7059245
seg_1a8f2c,6.60112
seg_1abcaf,1.7677927
seg_1ac9e2,4.8403335
seg_1ae362,7.005557
seg_1afa29,3.5163736
seg_1b08a4,5.3311987
seg_1b1ad8,4.938194
seg_1b2298,7.1076956
seg_1b78af,4.7029004
seg_1baf33,4.6257677
seg_1bd38e,7.8918867
seg_1bf7b3,3.1807275
seg_1c401b,7.9368734
seg_1c4c5b,5.2458234
seg_1c4e72,4.9993844
seg_1c849d,4.116807
seg_1c904f,2.3638139
seg_1c929e,4.1329145
seg_1cb942,8.970087
seg_1cd352,5.2472506
seg_1cf1b5,4.518667
seg_1d044c,3.5052977
seg_1d11e5,4.717204
seg_1d596d,4.7835712
seg_1d980f,4.710677
seg_1da819,3.3968368
seg_1db443,5.8367186
seg_1db8e8,9.188404
seg_1dec9c,9.279311
seg_1e0523,4.178338
seg_1e0b82,6.5190887
seg_1e572b,7.549734
seg_1e617a,4.442263
seg_1e61d6,2.2217765
seg_1e677e,4.7202225
seg_1eae76,5.2863164
seg_1ebe6b,3.430244
seg_1ece48,4.621849
seg_1eeb8f,2.9766517
seg_1ef708,2.6023521
seg_1f1e60,8.830602
seg_1f3d44,5.959305
seg_1f3ede,4.4652267
seg_1f5240,3.7356067
seg_1f7cf8,3.237121
seg_1f9aed,5.315201
seg_1fa983,2.5855541
seg_1fc7ab,5.6123075
seg_1fe311,9.104788
seg_2005a7,5.5586014
seg_2018c8,9.400816
seg_204dc6,2.0648308
seg_208ba5,2.8153524
seg_2099f4,5.320534
seg_20a990,4.2748017
seg_20b8d0,4.85734
seg_20cbac,4.540557
seg_20cc25,1.3433895
seg_20d9de,9.689282
seg_20e9ad,4.965653
seg_210388,5.321375
seg_211299,5.7113543
seg_211486,8.132083
seg_214492,4.4480915
seg_217eed,3.0111594
seg_218049,3.1679826
seg_21eebb,4.5684395
seg_21faa9,9.598329
seg_222c5f,1.8145626
seg_225320,9.762254
seg_226e60,7.840719
seg_229eda,5.7374997
seg_22e509,4.4048886
seg_2313d1,5.2072825
seg_232559,8.149748
seg_23323e,2.8835106
seg_2367fb,7.866052
seg_238242,7.4771094
seg_2383c2,5.7780166
seg_2396a2,2.132503
seg_23b123,9.2465105
seg_23bdf9,6.1467304
seg_23c947,1.5404996
seg_23efb0,5.462773
seg_23f823,3.3460627
seg_23fe27,6.8822265
seg_241266,4.4403033
seg_24157a,5.3934007
seg_24458d,5.5665064
seg_2465ce,5.6309786
seg_247262,4.4806414
seg_24ba8d,4.837251
seg_24c078,4.8794694
seg_24c1c9,4.844564
seg_24e071,4.043496
seg_24f338,2.7407775
seg_257b8a,6.2192674
seg_2597af,4.6726623
seg_259c63,4.790398
seg_259d65,4.460929
seg_259dd3,9.5949545
seg_25aa9f,9.168477
seg_25ab3f,2.9731135
seg_25b38a,7.6522083
seg_25c8dc,6.076933
seg_25cca7,7.0055547
seg_25e76d,2.0897002
seg_26049e,8.453931
seg_263deb,4.7122946
seg_263fb3,2.0914273
seg_2642d0,4.612848
seg_2642d4,5.719996
seg_264c7d,6.754449
seg_266805,4.3218107
seg_266c6e,4.2687416
seg_266d4e,4.986912
seg_268249,6.1513376
seg_268625,4.667715
seg_268956,4.629677
seg_26a2a0,0.33981717
seg_26cba3,4.52031
seg_26edaa,8.761151
seg_2700bd,4.6604576
seg_272a47,1.2019933
seg_274a1a,5.654815
seg_2774c4,8.836829
seg_279725,9.641663
seg_27a282,5.072628
seg_27b7c8,7.7537985
seg_27db4d,7.2054453
seg_27de37,6.6648483
seg_27f532,8.795869
seg_27ff17,5.078372
seg_280863,4.332867
seg_280e3b,3.6273603
seg_284223,5.248126
seg_284923,9.680299
seg_287e60,2.8720865
seg_287fef,1.7934004
seg_288001,4.625884
seg_2883ec,7.9391203
seg_289d99,1.6811962
seg_28fc32,6.303841
seg_29022f,2.7778172
seg_2916e3,7.7762322
seg_293dbf,4.670066
seg_293dc2,3.4963193
seg_29475f,3.2038364
seg_295b1c,7.756117
seg_2977cd,5.0499163
seg_29a073,5.296164
seg_29acb7,4.8453817
seg_29c772,5.3291903
seg_29c906,4.8722053
seg_29d497,4.5615635
seg_29d4c6,9.249665
seg_29e799,4.752493
seg_2a0ace,9.488389
seg_2a0afc,5.388785
seg_2a0dc0,7.5213614
seg_2a2f1e,5.5247135
seg_2a4551,7.018069
seg_2a6343,7.373506
seg_2a8351,2.1255045
seg_2aa101,2.2114916
seg_2abd33,3.2462263
seg_2b2cb3,6.331455
seg_2b372b,3.7488966
seg_2b4959,5.1090174
seg_2b6d52,7.7579775
seg_2ba79a,1.6243192
seg_2bcbde,9.570911
seg_2be983,9.71859
seg_2bf5be,9.362684
seg_2bf9dd,7.869846
seg_2c3203,2.4596486
seg_2c5e9f,5.894267
seg_2c6011,4.261076
seg_2c69e4,7.068372
seg_2c762c,5.8048353
seg_2cac57,9.079556
seg_2cadc0,5.669691
seg_2cdbe3,3.8922005
seg_2d3828,5.5488386
seg_2d402d,1.5975621
seg_2d427f,1.7987243
seg_2d5544,4.796974
seg_2d7cc4,4.6777678
seg_2d92f0,9.545619
seg_2db7dc,4.747629
seg_2dc6ff,1.4054508
seg_2dccec,4.986702
seg_2dcd3a,3.7538438
seg_2dcd84,7.5001445
seg_2dfb91,4.257855
seg_2e2372,6.2929764
seg_2e50fb,4.781146
seg_2e64af,4.8747377
seg_2e71dd,2.1510754
seg_2e88dd,6.350957
seg_2e917f,5.371966
seg_2e9a47,6.299397
seg_2ea616,3.966679
seg_2eccb9,2.4309049
seg_2ece02,4.551597
seg_2ed79b,4.3445573
seg_2eddf6,7.8041086
seg_2ee95c,9.579605
seg_2efd5c,8.019649
seg_2f1664,6.231737
seg_2f4f14,4.1735463
seg_2f5695,4.628736
seg_2f60db,8.8362665
seg_2f86cd,5.7024713
seg_2f8e19,7.311041
seg_2f8f6d,8.15374
seg_2f9336,5.978606
seg_2f9581,4.563632
seg_2fb672,7.3531113
seg_2fe382,5.136604
seg_301c1e,6.145243
seg_30207d,8.240509
seg_304581,4.937814
seg_304b87,3.6148777
seg_304df5,8.1214
seg_30501b,9.406509
seg_3065ba,4.637127
seg_30661b,4.98825
seg_306756,7.288265
seg_30ad2a,1.9174267
seg_30b043,3.5322452
seg_30da11,4.4581957
seg_30fd84,9.535064
seg_310230,2.6894288
seg_31064b,1.6612077
seg_311499,1.8344997
seg_311b5e,2.0694337
seg_3128e6,4.9808455
seg_3151ff,5.338435
seg_31631c,6.739762
seg_316f86,3.3621535
seg_318135,2.3635802
seg_31a51f,3.9250202
seg_31a6cd,4.468842
seg_31b808,6.1929164
seg_31c0f4,9.296253
seg_31d763,4.115232
seg_31d7bf,1.9443364
seg_31d810,6.4381976
seg_31ddc5,7.5094934
seg_3234ca,4.549316
seg_324447,6.337647
seg_324537,4.824191
seg_325790,4.710685
seg_326eb7,4.736789
seg_327ed4,3.8795204
seg_32906d,2.456809
seg_32ad0f,9.468411
seg_32c904,8.211572
seg_32d747,4.8666096
seg_32e763,4.7824507
seg_32f3a9,5.2552896
seg_32f6df,5.2434707
seg_32f72d,5.2291613
seg_32fc4e,9.561252
seg_330579,4.6326723
seg_3319b5,8.271484
seg_331f2b,9.155189
seg_3340b9,5.1818495
seg_335170,2.045148
seg_337b8c,4.702826
seg_339f80,5.508332
seg_33c30d,3.4627738
seg_342ce6,8.035898
seg_343571,6.864095
seg_3452b2,4.9121227
seg_34a2b8,4.9767528
seg_34a8f7,9.695714
seg_34abd2,1.6830629
seg_34ef79,4.3410797
seg_3506d6,4.399605
seg_35269b,9.350522
seg_355717,2.614458
seg_355d19,8.605681
seg_35a2d7,9.665368
seg_35b009,4.4776225
seg_35b753,5.7113895
seg_35ba8f,8.469414
seg_35c587,4.3368554
seg_35dd45,9.753828
seg_35ee83,4.460426
seg_36147d,3.7949772
seg_361f5a,9.199486
seg_3631ec,4.7362156
seg_3661de,9.632645
seg_369570,4.7209635
seg_36b77f,9.617452
seg_36e32d,7.71322
seg_3706be,7.8271785
seg_373a04,6.3244348
seg_373ba6,4.580616
seg_37608b,3.6277628
seg_3761d0,2.6388621
seg_37669c,2.3693256
seg_376908,3.123392
seg_377134,4.7225637
seg_3788c5,8.952136
seg_37bf85,1.6929978
seg_37f3fb,4.131589
seg_38001b,2.3295765
seg_383b6b,4.8412943
seg_383f2e,7.1741896
seg_3865bc,4.347846
seg_3878d0,4.4809866
seg_389906,6.129563
seg_38ad16,9.370432
seg_38ee24,5.4800696
seg_392019,5.251064
seg_39300d,1.9666717
seg_395e0e,8.422809
seg_397983,7.0591674
seg_397dc9,8.130985
seg_398a25,4.7953134
seg_39a886,5.700389
seg_39ad50,2.638866
seg_3a1600,5.0414543
seg_3a22ac,4.123009
seg_3a80c5,5.8674374
seg_3a8a76,1.8618418
seg_3aca44,3.331184
seg_3adb1a,3.9751291
seg_3ae4d9,2.404488
seg_3af649,5.63685
seg_3b2013,2.653863
seg_3b30fd,9.042352
seg_3b4414,3.9780703
seg_3b7175,5.041764
seg_3b7724,9.207908
seg_3b95d2,9.73977
seg_3b95dc,4.5333753
seg_3ba485,9.673181
seg_3bb90a,4.1252127
seg_3bc9ed,5.7943234
seg_3bd97e,8.705922
seg_3bf9ac,2.1266909
seg_3bfcf6,4.202
seg_3c3ddf,2.7211509
seg_3c4106,2.570518
seg_3c64fb,6.805994
seg_3c8545,2.174512
seg_3cba49,6.844469
seg_3cbccf,4.801682
seg_3ce740,7.9232526
seg_3cfb73,8.011989
seg_3d059a,3.7005544
seg_3d06cc,5.561295
seg_3d19fc,3.6012373
seg_3d1cb3,4.203554
seg_3d1f2e,5.1779428
seg_3d581c,1.7779611
seg_3d6aac,6.44489
seg_3d6e79,5.371864
seg_3d9aa0,3.0658798
seg_3db0a8,2.4575086
seg_3e00cd,9.636244
seg_3e55d5,4.368549
seg_3e87b4,3.3935785
seg_3ec967,4.6888022
seg_3edf51,4.625406
seg_3f2086,8.644113
seg_3f3689,3.211577
seg_3f3983,6.7821026
seg_3f5be6,5.004343
seg_3f80ef,5.1986833
seg_3f99c8,1.5351485
seg_3fb24b,3.7946343
seg_3fc7ca,8.966742
seg_3fdae0,5.960681
seg_407b2b,5.4800596
seg_40b3aa,1.3366336
seg_40f810,4.1294527
seg_411225,4.535738
seg_414d0f,5.917576
seg_4185b3,5.215411
seg_419531,6.2369843
seg_419b2a,7.8821316
seg_41a267,9.071899
seg_41aadc,5.346446
seg_41ab7e,7.5439777
seg_41be18,7.521307
seg_41be7d,6.142705
seg_41f45e,6.751848
seg_420bcc,5.3997374
seg_420d4e,6.3105288
seg_421a96,5.2038484
seg_421da1,7.4139633
seg_423ebe,4.978523
seg_425462,4.379333
seg_42648c,2.990498
seg_4280d9,9.70618
seg_428d66,3.7646012
seg_42c4c9,4.519431
seg_42e7e8,5.1339827
seg_42ff14,7.631802
seg_430e66,6.985033
seg_43383f,4.8044987
seg_434c96,2.1914005
seg_43597f,4.453873
seg_43c6f4,7.795044
seg_440106,8.743463
seg_4401d8,5.9787536
seg_441c6d,7.444078
seg_4435bd,3.2733598
seg_447972,3.0842872
seg_447b8b,9.527131
seg_447cb3,9.246062
seg_44d3ca,3.0963526
seg_455b16,4.324296
seg_456149,8.304471
seg_457234,9.347689
seg_45838b,5.0085063
seg_4587bb,6.955406
seg_45a8a9,2.537068
seg_45b051,1.423462
seg_45e062,8.939105
seg_45e4ed,4.6498
seg_45e7ad,2.5934515
seg_46012e,7.88432
seg_460436,7.138979
seg_461ab5,3.8958316
seg_461b63,4.8672276
seg_462c1d,5.993677
seg_464839,5.3172584
seg_468bc9,9.593663
seg_468fdb,3.553225
seg_46a42b,4.076213
seg_46b84d,7.268078
seg_46c6d3,7.9105053
seg_46dd7c,4.5629015
seg_4729a7,4.4206395
seg_4743ab,7.261393
seg_4743fa,9.763804
seg_476700,4.5966077
seg_476bdb,2.5233474
seg_477c83,3.0782938
seg_478327,5.6905375
seg_47a48f,9.16973
seg_47d374,3.9863272
seg_47fed6,6.706693
seg_482745,4.728245
seg_4848e3,3.9373841
seg_484901,4.7146564
seg_486973,4.540155
seg_48a4b3,6.522701
seg_48a80c,2.8081813
seg_48b545,7.463304
seg_48feba,4.845333
seg_490092,9.4171
seg_490d6e,5.02639
seg_492dc6,4.4986506
seg_49322d,6.438489
seg_49336f,4.4604464
seg_495573,9.70914
seg_496d07,2.5774126
seg_496dad,2.5366735
seg_49b0cb,9.185391
seg_49d84b,6.1739283
seg_49fdf0,8.529281
seg_4a2525,7.6993623
seg_4a6096,1.6080006
seg_4a719c,3.782453
seg_4a91a9,4.558778
seg_4a9e6b,7.192483
seg_4a9e8d,8.228915
seg_4ab7bf,9.761947
seg_4abc29,3.0275993
seg_4acc4b,4.4114075
seg_4ad5a2,5.6858068
seg_4ad674,4.904468
seg_4adeda,8.543731
seg_4ae37c,6.60507
seg_4ae712,9.551832
seg_4b0839,1.7072632
seg_4b4c91,7.3779464
seg_4b4ffb,4.723741
seg_4b8044,4.613006
seg_4b953a,3.9485278
seg_4ba3d1,6.96404
seg_4c067a,5.3305874
seg_4c12b2,2.1622243
seg_4c18e2,1.6823951
seg_4c3a2b,7.1660147
seg_4c4995,4.9489613
seg_4c65e6,8.657265
seg_4c8db6,8.192858
seg_4ca6de,6.068787
seg_4cb0d7,5.30729
seg_4cb9c6,4.6555758
seg_4ce234,5.4994283
seg_4d0008,4.9010935
seg_4d0041,7.5659266
seg_4d0c45,5.229651
seg_4d18f4,2.34655
seg_4d2671,6.057326
seg_4d53c2,9.723962
seg_4d5a4a,4.868664
seg_4d7c56,4.66823
seg_4d8f0f,4.342799
seg_4db886,8.438001
seg_4db997,3.2366652
seg_4dbbd1,6.5418
seg_4ddddc,7.435645
seg_4dfa03,1.9255692
seg_4e0c4a,8.852995
seg_4e2c66,1.6917814
seg_4e3bd7,1.6400776
seg_4e627b,5.107997
seg_4e9646,7.0681043
seg_4ea3fa,5.5270805
seg_4ea81c,4.113675
seg_4eb127,2.4034677
seg_4eeaef,3.0199013
seg_4eef28,8.182162
seg_4f48b4,1.6257986
seg_4f5931,9.671457
seg_4f76a2,4.646203
seg_4f83a3,7.0117054
seg_4fa87d,8.362355
seg_4fce5b,3.6177373
seg_4fd191,4.402087
seg_500108,5.5411897
seg_5009d9,2.4397326
seg_500c80,6.0093713
seg_502fab,7.742072
seg_507065,3.7929373
seg_5090fa,6.6862664
seg_509d55,4.6601086
seg_50a667,4.663016
seg_50b048,5.4724164
seg_50e270,5.528603
seg_511d25,7.8009315
seg_512b3e,8.9650135
seg_514543,4.701203
seg_5147e1,4.934433
seg_514b85,9.156332
seg_5165a4,6.774618
seg_517345,5.640424
seg_517425,2.877635
seg_51865e,3.4801192
seg_518b1e,2.1820135
seg_51b68c,9.190522
seg_51f0a2,3.093636
seg_51f6fd,5.8238173
seg_521a88,7.691721
seg_523945,1.8241124
seg_524b39,5.633103
seg_5254ce,9.226121
seg_5255c0,7.6179547
seg_52636c,1.8906744
seg_529be4,4.8766
seg_529c99,4.2933426
seg_52c139,9.585652
seg_530a02,9.024964
seg_53103b,2.1456027
seg_5311d1,3.1989121
seg_533613,7.979607
seg_53498a,3.3288336
seg_53a557,4.683737
seg_53a5fd,5.60868
seg_53bdf5,8.224677
seg_53caf1,7.1242685
seg_53d818,4.5650296
seg_53e645,5.615219
seg_53fa13,4.6287622
seg_5407b0,4.1292977
seg_5445bc,4.5956807
seg_54490e,7.40969
seg_545fda,7.9170322
seg_5467c8,7.7950287
seg_546864,8.847725
seg_5470ca,5.0215573
seg_5495ca,3.0642352
seg_54af0d,2.046802
seg_54b0ee,6.725251
seg_54d0f3,2.4646263
seg_55239a,3.4896455
seg_552b8e,9.787513
seg_5559d9,1.6119356
seg_555f63,1.6361552
seg_5597ed,4.7392206
seg_55a0c3,3.8591518
seg_55a9a4,6.0439224
seg_55b566,1.6297802
seg_55d50b,2.6428294
seg_561cf4,1.8880488
seg_563059,6.041196
seg_5639b3,4.803432
seg_566efe,9.363341
seg_56e3e7,9.462223
seg_56e6f1,5.2894936
seg_56ebc7,3.7717328
seg_570a20,3.9642968
seg_570d69,9.026572
seg_572172,6.279791
seg_5759c9,5.809059
seg_5765b6,6.289234
seg_578e84,9.304264
seg_57908c,4.124509
seg_57b6c0,5.083319
seg_57dd68,9.0155115
seg_57ea44,2.3598561
seg_580b65,6.5800176
seg_581fac,2.0845604
seg_585872,7.237958
seg_586726,2.8150282
seg_586c0f,4.669117
seg_5887a8,9.261202
seg_588f61,2.1927552
seg_58d52d,9.534132
seg_58e74b,1.6904376
seg_58e9f9,7.9506497
seg_58ea74,8.735143
seg_59058a,1.565353
seg_590fa5,5.061395
seg_591954,9.410994
seg_5924f5,3.729517
seg_592807,6.8683667
seg_593c34,4.7537947
seg_5965d8,3.0147247
seg_596ae3,7.0761375
seg_5975f4,3.9165678
seg_597bd6,7.160655
seg_59818b,6.0645323
seg_59cd7d,2.481463
seg_59cfdb,9.58232
seg_59d484,5.0772114
seg_59de0b,1.7962844
seg_59e1db,7.448824
seg_59eb97,5.3133407
seg_5a0479,5.5801497
seg_5a1adb,5.2105136
seg_5a242e,7.39312
seg_5a67b5,7.66784
seg_5a947e,4.8965325
seg_5abfdd,4.8955526
seg_5ad847,3.6531792
seg_5b392b,1.842342
seg_5b7325,3.373567
seg_5b8c39,3.8240876
seg_5bc0b0,8.201491
seg_5bd9ae,4.178878
seg_5bdb47,2.6633377
seg_5bfbf0,3.1817913
seg_5c0929,3.7344108
seg_5c1a4d,2.478622
seg_5c530f,3.716772
seg_5c57a8,1.9559664
seg_5c8ae5,3.8656826
seg_5c9077,7.241398
seg_5cd98b,4.7090545
seg_5cde88,1.8845922
seg_5cfba9,8.235693
seg_5cfdc4,4.8325834
seg_5d333e,8.583547
seg_5d45db,5.899507
seg_5d92af,6.8722067
seg_5d94b2,2.6789503
seg_5e020f,5.0430264
seg_5e0902,2.709525
seg_5e1bba,5.5798125
seg_5e541f,2.6414418
seg_5e635a,2.787755
seg_5e668a,8.776119
seg_5e70a7,7.81746
seg_5e7abf,4.5003495
seg_5e8ef4,7.1487556
seg_5eb380,3.0828018
seg_5ec0e3,8.364496
seg_5ed47e,8.532395
seg_5ef47e,5.995201
seg_5f0a92,4.6062675
seg_5f24d3,7.5759907
seg_5f352e,2.0391684
seg_5f355e,7.2330036
seg_5f46a5,7.2785625
seg_5f7fd9,4.994189
seg_5fe414,3.070314
seg_60277f,3.7122102
seg_6074f9,3.8028545
seg_607559,6.94907
seg_60ab20,9.018011
seg_60b696,5.1349955
seg_60dacd,9.24437
seg_60df2a,5.2297516
seg_610379,4.722551
seg_61219c,4.9727135
seg_613702,3.8979464
seg_614b50,1.5673519
seg_6153ca,8.833786
seg_6167f0,5.193172
seg_616c8b,9.052817
seg_61b50d,3.9585228
seg_61f504,3.6419673
seg_620ee4,5.2160597
seg_622e9d,2.661295
seg_62331a,4.500692
seg_6262c4,7.7717524
seg_629822,4.0348043
seg_62a403,9.288831
seg_62c582,2.1709332
seg_63130f,9.2651205
seg_633651,4.407119
seg_634180,4.810926
seg_634f05,1.6459639
seg_635770,7.131718
seg_63582a,9.210022
seg_63c13d,5.3093915
seg_63c518,2.6791568
seg_63c8e4,9.690853
seg_63c983,4.4550633
seg_63c9a3,3.2849793
seg_63d651,4.805077
seg_6422d1,6.927698
seg_643d1f,4.592083
seg_643f86,7.9081964
seg_64bcb9,9.473007
seg_64be5d,9.087738
seg_64be91,9.584031
seg_64daae,2.6163487
seg_64dcf0,5.6950536
seg_64f8dc,5.1283216
seg_650de2,4.6801515
seg_651808,2.5187106
seg_652cc2,3.9157252
seg_655780,4.1034517
seg_655ad6,7.7034597
seg_655cae,1.9981006
seg_658bf4,1.6733782
seg_659ff8,5.121084
seg_65b962,4.7977834
seg_65c4e1,6.4161105
seg_65ef95,4.6655374
seg_65f01e,9.629656
seg_65fbac,7.9875636
seg_660fe1,4.6011615
seg_660fef,6.2051682
seg_661629,3.536759
seg_666056,4.1204796
seg_6681ee,1.1253188
seg_66820a,3.0233002
seg_6696d0,4.896249
seg_66b7c3,7.382726
seg_66e45a,5.807731
seg_66ed4d,1.8497796
seg_670bde,4.5981455
seg_67330f,5.1650276
seg_673c60,3.549974
seg_67599b,6.1584196
seg_679dd2,6.3945127
seg_67aa76,5.396284
seg_68102c,9.040838
seg_683ddf,4.6316996
seg_686edc,5.817362
seg_687a5c,1.5918294
seg_68a484,8.388192
seg_68da94,3.1466398
seg_691a72,5.29228
seg_692e7a,8.036798
seg_6951e0,3.2360177
seg_695380,2.0875783
seg_696621,4.893323
seg_6968c8,4.535686
seg_69787a,7.4605165
seg_69a230,4.6696043
seg_69a53e,5.2685146
seg_69dbad,5.146991
seg_6a05e7,4.7145247
seg_6a116b,4.8067446
seg_6a26de,2.6833997
seg_6a45a0,4.7411222
seg_6a4ad1,8.49795
seg_6ab188,5.805594
seg_6ac67a,4.101632
seg_6ac82a,3.6452188
seg_6ae32d,4.39399
seg_6b0107,7.2604947
seg_6b2ce0,6.1880445
seg_6b3a9d,3.0946941
seg_6b4e04,9.052001
seg_6b536d,4.2824845
seg_6b9511,7.4047403
seg_6b9d02,4.5133896
seg_6be48e,4.645602
seg_6c292b,5.2301016
seg_6c309f,4.4903617
seg_6c34c2,2.4831357
seg_6c8a45,5.0831637
seg_6c909f,4.5148797
seg_6cfb76,4.7958336
seg_6d01a3,6.953498
seg_6d35cd,1.8759162
seg_6d36a1,9.222775
seg_6d4109,6.398749
seg_6d4fa6,4.6972675
seg_6d6fad,4.931808
seg_6da1ff,5.406578
seg_6dac5d,9.609152
seg_6dd0fc,4.8057923
seg_6de4fd,9.029656
seg_6de935,9.814414
seg_6df48e,7.2481117
seg_6dfab7,3.4008117
seg_6e12ae,4.7901635
seg_6e12ee,2.0228376
seg_6e1ee7,7.301882
seg_6e572a,4.1058974
seg_6e5a38,4.242406
seg_6e7f73,8.814521
seg_6e98aa,5.063773
seg_6eb146,8.829672
seg_6ed49a,7.816534
seg_6edcb8,5.8609643
seg_6eedcc,7.724036
seg_6f17de,4.1244
seg_6f2222,3.3663416
seg_6f3d90,5.46995
seg_6f60b2,2.871921
seg_6f650f,9.196225
seg_6f9a98,6.047389
seg_6fb17f,4.1496625
seg_6fc3ef,8.641814
seg_6fc8b3,6.288663
seg_6fd5bb,7.7834973
seg_7012af,9.633481
seg_7020c5,7.3113375
seg_702e03,4.3040433
seg_703cea,6.5912066
seg_705463,2.9270363
seg_708349,8.330024
seg_70991d,5.5091634
seg_709b6a,8.827685
seg_709d08,5.639655
seg_70a60e,5.534138
seg_70b375,7.306056
seg_70be4d,9.286681
seg_70e891,3.849615
seg_70edf5,6.9423847
seg_70fb30,9.560338
seg_7120ac,4.5243235
seg_71238c,9.250922
seg_71348a,2.6930141
seg_715e2c,7.010192
seg_715ff6,7.484136
seg_7189ca,7.163941
seg_718b53,3.1973858
seg_71936f,2.3862772
seg_71b4e0,3.0872016
seg_71b975,3.5490122
seg_71c9e9,3.784915
seg_71f571,3.483736
seg_7211f1,6.706163
seg_724df9,0.4075997
seg_725772,7.634548
seg_725e84,1.739723
seg_727fc7,3.9074025
seg_72858d,3.738658
seg_72859b,4.795593
seg_72aba8,3.921113
seg_72b68c,9.262543
seg_72c307,7.535861
seg_72ebda,5.515925
seg_72f40a,6.908462
seg_730ebe,4.807723
seg_734a88,8.054755
seg_73565e,4.094092
seg_735cdd,3.158895
seg_73858d,9.507996
seg_738be6,2.849886
seg_739643,5.994956
seg_739679,1.6900085
seg_739856,9.122797
seg_739fb0,2.3866916
seg_73ab4a,4.5380864
seg_73b0f7,7.3813524
seg_740837,3.055756
seg_741fc1,7.8965325
seg_74235f,4.412621
seg_7428e7,5.818358
seg_743775,6.5819488
seg_74537f,5.285256
seg_746d1d,5.0659056
seg_7480f4,8.095487
seg_74b264,4.6811457
seg_74b3bd,6.079308
seg_74ce61,6.7667336
seg_74d58a,7.3491344
seg_74d8cc,5.6174936
seg_74dda9,6.1928678
seg_74f330,4.274366
seg_74fcfc,7.942754
seg_74ffde,6.2651625
seg_750244,6.719205
seg_750c93,2.0784264
seg_750d20,4.554897
seg_750e7e,7.092102
seg_75211e,5.4375124
seg_753190,6.8069134
seg_753ba6,3.8159323
seg_7540f3,5.407095
seg_75438e,5.7872477
seg_755d50,4.3242216
seg_75654d,4.7625046
seg_758374,2.1898327
seg_758ca4,2.5887733
seg_759fb1,5.2922034
seg_75a878,5.316674
seg_75c34b,2.693191
seg_75cd6a,4.645285
seg_75dc3e,5.0366693
seg_75e669,1.5994859
seg_75e93c,4.04378
seg_75eb90,7.4382834
seg_75ffc9,5.3211055
seg_760d70,4.8997164
seg_76106f,9.690255
seg_762188,9.011121
seg_762be4,2.4078465
seg_7630c5,9.123273
seg_766e42,4.631735
seg_76b76f,9.111566
seg_76c2fa,3.4031234
seg_76d16c,6.1689043
seg_76e914,4.9980235
seg_76f1af,2.8245173
seg_76f3f2,8.11745
seg_76f76d,5.330497
seg_774ad2,4.9598627
seg_77bf79,3.6717415
seg_77c546,1.5796002
seg_77db7b,9.643825
seg_77dbe7,4.664771
seg_77df38,7.074943
seg_77e7bf,4.6308703
seg_77ea14,4.7087536
seg_77f9e3,1.718335
seg_77fe77,5.6200995
seg_7848f8,0.31132025
seg_7862ed,3.4867887
seg_786ff6,6.277904
seg_78852d,5.267183
seg_78addc,7.8809485
seg_78d817,4.2160816
seg_78db0a,8.676541
seg_78ded2,1.645272
seg_78fc4b,6.4292145
seg_790108,6.127244
seg_7949da,3.7183943
seg_79c47a,4.3617573
seg_79dc90,6.8066454
seg_79e301,4.123115
seg_7a09ec,5.98169
seg_7a521c,4.81713
seg_7a5243,3.1264067
seg_7a9228,4.72193
seg_7a9f2b,0.34063983
seg_7aeca4,7.783293
seg_7b0936,9.599581
seg_7b2994,2.552013
seg_7b3017,8.796192
seg_7b5f90,6.407944
seg_7bb771,2.4973044
seg_7bec10,9.110047
seg_7bf143,2.4234838
seg_7c0376,1.7064052
seg_7c10c1,2.639769
seg_7c2beb,7.909951
seg_7c2c48,2.9162412
seg_7c6c31,7.9656696
seg_7c88d1,2.689671
seg_7c9433,4.919421
seg_7cb417,3.3859797
seg_7cbb45,4.7333035
seg_7cd6b1,4.3895993
seg_7cdfe5,4.4846215
seg_7ce9cb,3.3082619
seg_7cef95,7.272217
seg_7d17eb,9.117585
seg_7d2535,1.6779581
seg_7d2e57,7.6041174
seg_7d65c7,7.7748756
seg_7d718e,9.373456
seg_7d88e3,9.4562235
seg_7d994f,4.1684184
seg_7ddc30,9.576435
seg_7df3dd,6.12489
seg_7e3b3e,3.9845228
seg_7e9eb7,9.720919
seg_7eb108,9.05292
seg_7ebdc3,4.8380413
seg_7ed2dd,3.904129
seg_7ef97b,3.8753066
seg_7efdd5,7.2292156
seg_7f3ab0,4.924567
seg_7f5b6f,9.591512
seg_7f786b,5.0910044
seg_7f93b2,2.6501184
seg_7f9b3a,4.9450407
seg_7fa6ec,0.36994293
seg_7fac26,9.490005
seg_7fd3a3,4.809213
seg_7fd6b7,8.893271
seg_80211c,8.615912
seg_804fb5,5.924046
seg_80622d,6.60148
seg_807901,4.141604
seg_80b9b4,6.051905
seg_80fb86,5.209887
seg_812962,4.712985
seg_812a50,5.214205
seg_813aab,1.666269
seg_814b1f,1.6675308
seg_816b7a,2.2091966
seg_818382,5.6915884
seg_81a8ea,9.082082
seg_81bebd,7.697297
seg_81c1a6,9.71452
seg_81c432,4.2291307
seg_81f798,3.7290955
seg_8200d2,4.780048
seg_82303e,2.9082313
seg_82316b,4.0214477
seg_8244bf,5.1268234
seg_82456a,1.833421
seg_826208,5.3624935
seg_827804,4.9247613
seg_827a21,4.92218
seg_827c07,4.5343614
seg_82c138,6.8381376
seg_82ce27,2.6703835
seg_82d7b6,4.3125753
seg_830cff,4.3776703
seg_8310ea,6.1025615
seg_8324a4,7.454898
seg_8328f5,5.31586
seg_832a4d,4.672957
seg_8344ee,4.918072
seg_8353f5,9.374138
seg_836aac,4.3029013
seg_836ef0,1.8471644
seg_83bef8,5.1979704
seg_83cb2c,4.6331067
seg_83dc2e,9.636642
seg_83ef67,6.857296
seg_83f476,5.2992253
seg_83f89e,8.024317
seg_83f928,9.381695
seg_8456d3,2.5752292
seg_845a2a,9.077342
seg_8472f3,9.742445
seg_848695,3.9851208
seg_84a65d,9.583754
seg_84b9d9,4.98504
seg_84c7fb,4.259691
seg_84fc12,9.58134
seg_8509db,5.102398
seg_850d95,2.646202
seg_8515fd,5.0065045
seg_853302,7.9798837
seg_854d91,8.685103
seg_857304,4.602087
seg_85762d,5.539619
seg_8599ec,4.377153
seg_85c1c0,4.520091
seg_85e90e,7.765833
seg_85e9c6,8.022043
seg_85fb0a,1.6879476
seg_864fcf,4.5970726
seg_8658b3,7.4823976
seg_86720f,7.4195023
seg_8681aa,6.985009
seg_86892f,1.8672949
seg_868c85,6.0048356
seg_86cfe9,7.460175
seg_86d847,9.415568
seg_86e874,1.6150779
seg_87232d,5.195201
seg_876904,5.6588345
seg_8773cf,3.1988277
seg_8777bd,9.722419
seg_8785e2,5.2973604
seg_878d2c,9.467972
seg_87a616,2.752427
seg_87a67a,4.109615
seg_87e4e8,2.7409267
seg_87f6c8,7.4045343
seg_8826f4,3.9064555
seg_885f53,6.604436
seg_8866f0,1.6430576
seg_88a81d,3.8989277
seg_88b289,9.683503
seg_890181,6.8586464
seg_89791c,3.02354
seg_89885a,5.0275354
seg_899bf0,3.6658688
seg_89b090,1.6968329
seg_89d8a0,4.7681036
seg_89e207,4.1866293
seg_89eed6,3.3752098
seg_89f975,2.378591
seg_8a3306,4.85793
seg_8a41bf,2.550108
seg_8a6b0e,1.9907291
seg_8a7201,4.4000072
seg_8a8220,5.863222
seg_8a8375,7.1665716
seg_8ab3a7,1.6156331
seg_8ae847,5.208556
seg_8aeb99,9.682033
seg_8b39c4,8.201651
seg_8b798b,9.063508
seg_8baeab,4.3065853
seg_8bc20c,1.6712087
seg_8bde47,8.133655
seg_8be2da,7.285113
seg_8be76c,1.8771199
seg_8bec6f,5.215836
seg_8bf229,6.202924
seg_8c0114,3.8448749
seg_8c1760,7.8068666
seg_8c1cca,4.6005535
seg_8c1e7d,1.9864187
seg_8c341c,8.049089
seg_8c6d4e,2.1610675
seg_8c6e34,2.3726606
seg_8cd159,2.363698
seg_8cdf83,4.9535995
seg_8ce632,4.6955013
seg_8cf573,4.4036508
seg_8d030a,5.141462
seg_8d135f,7.1876445
seg_8d3a9d,6.284009
seg_8d4435,4.6764464
seg_8d4965,5.8622575
seg_8d5113,4.977883
seg_8d6578,3.6996613
seg_8d6a7d,3.2824564
seg_8da61a,6.51301
seg_8db6f0,7.3787146
seg_8dcf3c,9.363086
seg_8dd2ab,1.9012882
seg_8dd3ba,4.882281
seg_8dfc7e,2.4595804
seg_8dfd7a,0.99799687
seg_8e5704,7.704244
seg_8e6a3f,5.9355316
seg_8e7194,3.5129995
seg_8e7fca,3.8313541
seg_8ebdea,7.819522
seg_8f1127,1.1495724
seg_8f25b0,9.364759
seg_8f3247,7.8194294
seg_8f3dfe,4.685503
seg_8f4654,4.9866266
seg_8f4781,2.6463633
seg_8f5589,6.6058054
seg_8f592b,9.328926
seg_8f6284,4.874222
seg_8fb0d0,4.428646
seg_8fb29e,8.40859
seg_8fb828,9.519339
seg_8fc754,7.6619406
seg_8fd465,4.544417
seg_902074,7.4854465
seg_902bc1,7.604065
seg_903aba,7.7104836
seg_907c52,5.331418
seg_90a0be,1.7182056
seg_90b174,2.3637085
seg_90bf60,8.545898
seg_90c258,9.66045
seg_90e904,1.5455545
seg_90ec68,8.986876
seg_90ef18,9.208815
seg_911066,4.599138
seg_9122aa,2.4431753
seg_913ffc,5.764391
seg_914a62,4.7134366
seg_91596c,6.546193
seg_915b3e,4.730758
seg_91607c,4.537919
seg_919a6a,2.8212628
seg_919c5c,4.782116
seg_91bf8c,4.420724
seg_91cff2,4.29872
seg_91eaeb,5.386675
seg_91f512,4.555207
seg_91f664,3.054378
seg_91fc29,3.0365896
seg_920132,8.223812
seg_92092a,4.5063763
seg_922914,4.8748565
seg_922990,5.429458
seg_92310f,4.553829
seg_929ded,4.141864
seg_92a5f1,5.813398
seg_92af10,7.4453506
seg_92b095,3.2462215
seg_92bd37,4.890534
seg_92be9f,5.1968193
seg_931244,9.351035
seg_93211c,7.409915
seg_932828,8.802237
seg_934087,4.568039
seg_939f5c,5.820199
seg_93d864,4.815
seg_93f935,4.6385307
seg_941759,7.285692
seg_943de0,9.77473
seg_944c98,2.6874409
seg_945bc8,4.9505367
seg_946d71,9.404471
seg_946d9a,4.941366
seg_947700,5.022025
seg_9485c0,4.7926846
seg_94a133,3.8821812
seg_94aa0a,5.73956
seg_94c48c,6.14426
seg_94d150,4.6042414
seg_94d573,7.6609745
seg_94ecad,8.667259
seg_950048,4.2448387
seg_952faa,2.958774
seg_95357d,4.732781
seg_95644e,5.078243
seg_957ece,2.6540303
seg_95b321,2.091084
seg_95f45e,8.281332
seg_961d02,4.3480215
seg_961ddf,4.5850487
seg_9626a4,2.2166896
seg_96642e,4.7769065
seg_966f3d,2.0789485
seg_967ae4,7.718849
seg_96cd5d,4.6621847
seg_96dab2,8.187213
seg_96db5e,4.3285046
seg_96fa35,4.106651
seg_970b35,4.2137365
seg_970e86,9.041482
seg_974049,4.686364
seg_9757ac,8.097421
seg_979a8f,4.0410056
seg_97a161,5.146105
seg_97ad82,7.17859
seg_97d9ed,8.079711
seg_97e4a9,8.353954
seg_9802c3,5.228231
seg_9825e0,5.621197
seg_983778,9.5338125
seg_986976,5.089597
seg_986b6e,9.272616
seg_9872f9,5.1722198
seg_988e69,1.7057477
seg_98a819,5.729155
seg_98be13,5.446276
seg_98c0b6,4.8485165
seg_98c44d,4.761574
seg_98c544,4.7203465
seg_98ebaa,8.598641
seg_98f624,8.496374
seg_9940e8,9.558038
seg_996c37,9.069262
seg_99ccbd,4.5120187
seg_99f677,4.6334114
seg_99f76c,5.0370173
seg_9a1a4f,5.1233277
seg_9a1c76,5.152387
seg_9a43ef,8.418727
seg_9a6025,5.8088727
seg_9a74d8,4.9969225
seg_9a7c46,5.6559477
seg_9a7d1d,2.4633832
seg_9a812d,4.4453135
seg_9a81a3,6.734329
seg_9a8a1f,1.518933
seg_9a9041,5.0542083
seg_9a92db,4.7180405
seg_9aa6e2,2.3262925
seg_9ab405,1.5774626
seg_9ad261,4.811947
seg_9ad925,8.512582
seg_9ae1a1,9.520957
seg_9b0439,5.5129714
seg_9b44d2,9.410384
seg_9b7ef8,9.272027
seg_9b7f93,4.8292556
seg_9bab11,9.759057
seg_9bd388,5.5865574
seg_9bee43,4.680127
seg_9c00d7,9.238083
seg_9c090f,2.1003652
seg_9c2843,2.4354348
seg_9c3d6a,7.5454016
seg_9c3ef8,6.7380877
seg_9c635d,8.760782
seg_9c6715,3.6344361
seg_9c8162,6.3937244
seg_9c8bc8,4.8652005
seg_9ca72e,4.033825
seg_9caf50,8.394294
seg_9cb464,5.0107274
seg_9d1b26,4.5642686
seg_9d1dbe,7.3154535
seg_9d2528,5.137533
seg_9d3013,7.843652
seg_9d452d,3.7644095
seg_9d57a1,6.769403
seg_9d68cf,4.8083367
seg_9d6ff0,3.7119083
seg_9d7490,5.0772758
seg_9d79d4,5.003687
seg_9dcae1,5.730049
seg_9ddc99,5.301747
seg_9dea8d,7.513468
seg_9df32d,4.9235024
seg_9e25e9,4.4006834
seg_9e3837,4.425704
seg_9e61da,1.747291
seg_9e7dff,2.7889647
seg_9e8323,4.519593
seg_9e8ca4,8.059378
seg_9e962b,5.9418564
seg_9ee0aa,7.5979657
seg_9f042e,6.5682974
seg_9f12c6,3.167694
seg_9f22a0,7.986354
seg_9f4fd4,8.715108
seg_9f57c4,7.332342
seg_9f6315,4.7074113
seg_9f7542,7.81035
seg_9fc7c2,4.472438
seg_9fd9b8,4.4318714
seg_9fe8b9,4.79753
seg_a00985,3.8310528
seg_a009e6,6.4311895
seg_a03e6a,3.8808804
seg_a05c22,3.518056
seg_a06228,5.90086
seg_a0646a,4.2757664
seg_a0979e,6.362613
seg_a0a423,2.865075
seg_a11dd5,3.182932
seg_a12acb,4.718353
seg_a133bc,4.775468
seg_a14212,4.63635
seg_a16a1b,1.8042146
seg_a173d8,4.5594206
seg_a18246,6.658036
seg_a1a511,2.5206594
seg_a1acb2,4.811926
seg_a1b3cc,4.8963985
seg_a1d8da,5.900561
seg_a1e5b0,7.543204
seg_a1edc1,4.4811015
seg_a247ac,9.32744
seg_a25c46,4.6226897
seg_a2986f,7.604989
seg_a2c108,9.138481
seg_a2d47d,4.84279
seg_a2e2c8,2.9149265
seg_a2fd8b,3.4976578
seg_a31d6e,6.960237
seg_a31fe3,7.9028606
seg_a35c82,7.785332
seg_a35e7c,9.143771
seg_a39ebc,4.379025
seg_a39f3b,6.7886167
seg_a39fa8,9.681019
seg_a3ab46,5.0794454
seg_a3d4d6,2.0889056
seg_a41c2c,6.198871
seg_a4208a,3.4168959
seg_a420d4,3.213313
seg_a436bc,8.365644
seg_a437cb,4.009259
seg_a45455,4.971236
seg_a47cce,7.0773683
seg_a489e1,6.979025
seg_a49ccc,5.225515
seg_a4ad7c,9.199822
seg_a4e745,8.546265
seg_a50d28,9.680393
seg_a5271e,2.2984118
seg_a53e4c,5.263574
seg_a543e5,7.431865
seg_a55540,9.456114
seg_a55a17,4.7615547
seg_a56c04,3.2764978
seg_a58a6e,1.8818609
seg_a5934a,9.346371
seg_a5d37f,2.2868652
seg_a5dea6,9.456559
seg_a5f4dd,4.4032264
seg_a5fbcc,4.88083
seg_a61e1c,5.0006366
seg_a63573,5.0168653
seg_a674d2,6.7302594
seg_a68007,3.0117278
seg_a68ffb,5.9821334
seg_a69246,9.7370615
seg_a6959c,6.7934237
seg_a6bf91,5.627249
seg_a6c5cc,1.7297868
seg_a6cd86,5.035744
seg_a6e801,2.1775312
seg_a6e99c,1.176656
seg_a6eed3,4.574157
seg_a704ee,5.458656
seg_a7561c,3.883041
seg_a7b454,2.988708
seg_a7d0eb,5.061125
seg_a7e49b,5.706325
seg_a80123,4.8452573
seg_a802fa,7.0583525
seg_a80f6f,4.9868307
seg_a82229,6.6990957
seg_a84c13,1.9517196
seg_a86231,4.588228
seg_a8685e,7.6409607
seg_a86a05,6.050424
seg_a87e79,1.6154362
seg_a88097,9.06419
seg_a88dde,7.726139
seg_a8bb2f,3.6379442
seg_a8ddf7,4.4638653
seg_a8e6df,4.8569064
seg_a8e71a,4.6999655
seg_a9089b,1.935823
seg_a91c03,7.185039
seg_a93a88,7.962318
seg_a96b47,4.784267
seg_a975df,4.517489
seg_a99161,3.6675043
seg_a99799,2.4216542
seg_a99be9,9.6359825
seg_a9a820,2.3527145
seg_a9b957,4.323026
seg_a9f80e,7.5291286
seg_aa0180,3.3863235
seg_aa1adf,3.2107286
seg_aa508a,1.7557578
seg_aa78e0,5.6489434
seg_aa7a4b,5.90634
seg_aa98cc,0.37988672
seg_aa9b8e,6.4949656
seg_aaa2ae,2.2317314
seg_aabc52,9.768338
seg_aae025,7.912124
seg_ab001b,2.8447976
seg_ab15ad,6.1324043
seg_ab2a78,4.3547006
seg_ab3f14,8.069508
seg_ab4bca,2.0325856
seg_ab644e,5.4128523
seg_ab70bd,6.6739507
seg_ab9654,9.350492
seg_aba501,4.5130167
seg_abaad2,9.342706
seg_abb03a,5.464978
seg_abb06a,5.513419
seg_abc5fd,7.225069
seg_abda04,7.5998726
seg_abeca6,9.761993
seg_ac45ae,7.70452
seg_ac5c61,9.16726
seg_ac68bb,1.8505839
seg_ac9de5,2.1927977
seg_acd715,9.52707
seg_acf2f4,7.6165714
seg_ad3a44,3.7221265
seg_ad3cf0,2.957326
seg_ad591c,7.294554
seg_ad759c,3.9863257
seg_ad82ca,5.759648
seg_ad949a,4.0921593
seg_ada42c,4.3877254
seg_ada81a,9.449264
seg_ade769,5.939707
seg_adf94a,1.5832285
seg_adf986,5.8114095
seg_ae32a6,5.4492655
seg_ae3388,7.007042
seg_ae3d92,4.900563
seg_ae42b3,9.291052
seg_ae9626,1.6418961
seg_ae9761,9.6440735
seg_aec276,9.334702
seg_aed434,6.2468834
seg_aee7c0,7.3495116
seg_aee9bf,3.5135875
seg_aeeb31,1.6728888
seg_af1650,3.980864
seg_af2472,2.7358642
seg_af6204,3.6682067
seg_af703b,9.357974
seg_af959f,7.9284573
seg_afa4a1,7.8950043
seg_afadfb,7.3026314
seg_afca81,2.5018039
seg_afd665,5.3296995
seg_b00f05,7.738109
seg_b02e31,7.308721
seg_b03de5,8.949305
seg_b08e9d,9.682363
seg_b0a794,2.335661
seg_b0bf65,4.3884015
seg_b0cf32,9.51614
seg_b0d251,4.9939427
seg_b0f9cd,7.7422776
seg_b108c9,4.7757525
seg_b13220,4.5350685
seg_b13fb9,5.5717087
seg_b197e2,3.0605192
seg_b1a35c,6.752362
seg_b1b95e,2.5705452
seg_b1fea8,3.9815884
seg_b20487,9.533399
seg_b21273,5.2982216
seg_b23489,3.0448503
seg_b253ee,4.742986
seg_b25dde,1.9210929
seg_b26368,4.6407804
seg_b284b2,4.846861
seg_b291c0,4.6478243
seg_b2b29d,7.1970854
seg_b2b331,4.9014616
seg_b2e045,4.3795886
seg_b31961,4.766317
seg_b32d1d,3.804357
seg_b35174,0.45845422
seg_b36650,2.5367923
seg_b36c8a,2.3533745
seg_b378bc,2.176691
seg_b3883e,4.798893
seg_b3cf21,4.868251
seg_b3d886,2.9010205
seg_b402ac,5.5937867
seg_b41d3c,4.7910757
seg_b42170,2.788725
seg_b4402d,9.467569
seg_b44c2e,6.894926
seg_b47c19,5.644051
seg_b4c040,4.391329
seg_b4cb44,8.62851
seg_b4f7a8,4.7829623
seg_b50239,1.5633327
seg_b51380,9.666475
seg_b51b7c,4.3440385
seg_b52710,3.2983766
seg_b52add,9.830891
seg_b52dac,4.8127413
seg_b54024,4.473777
seg_b568c6,7.299492
seg_b57e76,5.367197
seg_b5804a,4.6746225
seg_b58542,4.7689824
seg_b5a447,6.0955944
seg_b5aee9,4.6862946
seg_b6254c,4.752981
seg_b63de1,3.3400016
seg_b64c9c,7.597081
seg_b66b87,2.0339494
seg_b686e5,7.2231617
seg_b687fc,3.9366307
seg_b691c5,2.0773342
seg_b69455,9.012918
seg_b695b3,3.9447107
seg_b6bdaa,7.203165
seg_b6c10d,6.1037884
seg_b6cb2b,3.3675537
seg_b72413,7.0273547
seg_b735a5,7.0512295
seg_b77bf5,9.422135
seg_b782c7,7.8069544
seg_b78883,9.598078
seg_b7a8a1,4.841193
seg_b7b098,4.51756
seg_b7da0a,2.428452
seg_b7eeb6,5.635309
seg_b80358,9.248011
seg_b80366,7.6360083
seg_b80b89,5.5993714
seg_b8141c,2.0900822
seg_b853c1,7.239383
seg_b853f8,5.2310057
seg_b86ce1,4.8220825
seg_b8725b,3.4040952
seg_b8745c,8.710764
seg_b87cf5,7.69573
seg_b88baa,6.5907426
seg_b89218,9.087737
seg_b89e47,3.1117964
seg_b8b72f,5.087316
seg_b8bb87,9.37148
seg_b8fd73,9.725709
seg_b91011,5.4804335
seg_b917b5,5.9116025
seg_b91ae2,4.692347
seg_b9361a,5.0785723
seg_b9365c,3.0753999
seg_b947ae,3.2542853
seg_b95010,3.5281916
seg_b95a77,8.688921
seg_b9619c,5.5056853
seg_b9ad7f,4.502355
seg_b9bdd7,5.1834245
seg_b9d8a0,5.980086
seg_b9de03,4.978462
seg_b9ec4b,2.8913789
seg_ba0485,8.632744
seg_ba1d68,3.1779256
seg_ba2c48,3.5578842
seg_ba3c47,1.5741341
seg_ba3e74,4.618865
seg_ba4ea3,9.275453
seg_ba5e7e,4.58744
seg_ba83da,5.3184743
seg_ba941e,7.480118
seg_ba98dc,4.3969636
seg_ba9dbf,2.0020928
seg_baa745,6.075405
seg_bb171f,7.7203045
seg_bb180c,4.724602
seg_bb2d77,4.723685
seg_bb5e15,4.4856644
seg_bb6904,1.6687309
seg_bb6fcb,5.2640285
seg_bb92b1,5.074838
seg_bbb01e,7.213628
seg_bbbc30,4.97407
seg_bbf805,5.0850625
seg_bbfd4e,9.090785
seg_bc07c8,1.7699147
seg_bc1d67,7.606711
seg_bc2186,6.9241824
seg_bc437b,7.7024937
seg_bca500,5.578642
seg_bcc8f1,6.2345047
seg_bce23c,5.8612466
seg_bce305,4.171885
seg_bcf2d9,5.0559745
seg_bcf6af,6.861777
seg_bcfad6,4.6603136
seg_bd00c4,4.9527626
seg_bd2b0c,3.64715
seg_bd31bf,5.80971
seg_bd40f2,8.466775
seg_bd4d30,4.027571
seg_bd5022,1.586246
seg_bd629b,4.936394
seg_bd6f5f,8.465461
seg_bd7109,5.2555385
seg_bdae02,9.252594
seg_bdf84b,5.1619225
seg_be0cdc,1.7438475
seg_be0dfa,7.206636
seg_be19e2,6.119917
seg_be30ce,5.1853514
seg_be4612,7.675382
seg_be62ef,6.6816263
seg_be65f2,2.6097007
seg_be811d,4.566017
seg_beb650,5.702343
seg_beda44,5.7214622
seg_bee792,5.124597
seg_bf1294,2.4036198
seg_bf1430,5.2572746
seg_bf1a72,4.730961
seg_bf2d1f,9.466443
seg_bf4bf2,1.5800501
seg_bf4ec0,6.094008
seg_bf58ce,6.8456955
seg_bf7224,2.2316294
seg_bfdd14,6.107792
seg_bfe0b6,9.561269
seg_bff05e,8.389194
seg_bff392,2.7412562
seg_c01a57,1.8843614
seg_c01d9a,9.428457
seg_c01f63,7.541501
seg_c0260d,6.084958
seg_c047b7,3.9969893
seg_c05a7d,9.296412
seg_c07b7c,2.7963266
seg_c08d36,5.2336082
seg_c09a41,3.727322
seg_c0c0ed,5.5233617
seg_c0d7da,4.6630096
seg_c0e1b9,3.6693654
seg_c0ea9f,5.476425
seg_c106ca,4.09515
seg_c10a58,7.26048
seg_c11828,2.318499
seg_c11a4f,3.8307033
seg_c12d7d,9.464175
seg_c146a8,5.68175
seg_c15d21,7.2888937
seg_c17817,3.034659
seg_c179f8,4.710344
seg_c183e4,3.7168589
seg_c186dc,4.005803
seg_c18d5a,3.8972125
seg_c1fe9a,2.5879955
seg_c20a27,5.046775
seg_c20c06,2.6930623
seg_c21723,4.7425632
seg_c21d60,5.0775404
seg_c22bd4,9.347331
seg_c23429,4.160965
seg_c23641,3.008347
seg_c243a6,2.5241346
seg_c24946,4.8575997
seg_c25855,9.434707
seg_c267a5,4.1667876
seg_c26fb4,3.1100335
seg_c27591,4.5675507
seg_c2a0c8,4.18507
seg_c2b8f7,3.3973966
seg_c3507f,4.5897217
seg_c35940,1.9144821
seg_c365de,1.5908854
seg_c3836b,4.353262
seg_c3f672,7.882859
seg_c3f8d7,3.791811
seg_c41d1d,4.5671744
seg_c42490,3.934298
seg_c42952,6.0120673
seg_c44bbc,2.8380356
seg_c46ce6,2.8019414
seg_c472cf,7.9711213
seg_c47bdc,5.97291
seg_c4af54,4.600117
seg_c5064e,8.826516
seg_c509ff,2.4590125
seg_c522f8,7.613074
seg_c5256d,5.69557
seg_c52ae6,1.786305
seg_c5325c,9.409554
seg_c550b1,9.247426
seg_c565bd,4.9632516
seg_c571ef,5.1390147
seg_c588c1,9.379169
seg_c58ca5,5.5983
seg_c5abaa,5.725981
seg_c5c455,4.4064007
seg_c5c6ea,5.841035
seg_c5dada,4.425026
seg_c5dee4,1.6101255
seg_c5f986,4.703124
seg_c5fc3b,8.314597
seg_c5fc87,5.107819
seg_c607eb,2.1724844
seg_c60dca,3.5470452
seg_c60f1d,2.6316204
seg_c627fc,7.5737824
seg_c62a06,3.4642034
seg_c65135,3.3828878
seg_c654e7,5.7545295
seg_c666dd,4.6151233
seg_c671f7,6.707597
seg_c6b514,3.1373434
seg_c6c29f,2.361024
seg_c6f0a2,2.3664098
seg_c6f533,4.270031
seg_c6f9c2,2.5321984
seg_c703be,6.612123
seg_c70fde,5.8845887
seg_c714d0,9.429697
seg_c73df6,2.5753503
seg_c747ad,9.4416485
seg_c747b4,3.375266
seg_c7a3bc,2.2494893
seg_c7a401,5.1935124
seg_c7a579,7.385238
seg_c7b424,8.135598
seg_c80857,0.8964683
seg_c81e10,7.0624146
seg_c81fec,4.9073133
seg_c8459f,9.046777
seg_c87c24,4.730604
seg_c901c0,4.4961915
seg_c90be5,8.394723
seg_c9201c,4.0786815
seg_c9481f,5.17371
seg_c94941,2.141193
seg_c9831a,3.1300063
seg_c9e533,7.0049543
seg_c9f80a,3.0334983
seg_ca2d1b,3.9798856
seg_ca407b,5.2547183
seg_ca44a8,4.4887543
seg_ca67ee,4.491732
seg_ca6d70,1.9461507
seg_ca8389,3.9904356
seg_ca88e3,8.842553
seg_ca9e39,4.2880983
seg_caa919,4.829448
seg_cacd0a,5.404504
seg_cacd58,4.047641
seg_cb0e21,8.1593685
seg_cb806c,4.3915625
seg_cbcce9,5.8850536
seg_cbfb19,6.9934225
seg_cc096e,8.828606
seg_cc2c46,3.9997697
seg_cc2e9b,4.621553
seg_cc4199,9.210449
seg_cc4932,9.46262
seg_cc4950,1.8924469
seg_cc667b,3.785613
seg_cc7a19,4.538604
seg_cc7e39,7.5431485
seg_ccdc28,4.511812
seg_cd0691,1.7333008
seg_cd2b34,4.6441245
seg_cd2b53,1.5774931
seg_cd352f,9.085227
seg_cd43b4,6.441561
seg_cd699e,2.3810906
seg_cd9f9b,7.345043
seg_cdadb5,7.304298
seg_cdf88e,1.725334
seg_ce00bb,4.9273324
seg_ce46ba,1.7160234
seg_ce472b,7.32851
seg_ce5520,1.8404049
seg_ce5832,4.5160956
seg_ce72e2,4.5017667
seg_ce7537,2.2544036
seg_ce9f59,3.8013887
seg_cea185,4.71416
seg_ceab44,7.233392
seg_ceb942,1.8035038
seg_cec2f2,5.9257784
seg_cecd29,5.9836764
seg_ced992,1.8312086
seg_cedf3e,7.6596212
seg_cee7d0,9.0532675
seg_cf0e43,4.4195514
seg_cf1371,4.7338853
seg_cf25d2,4.0277424
seg_cf3825,4.3495326
seg_cf5764,7.206847
seg_cf646e,5.6129313
seg_cf74e8,1.6028479
seg_cf9a49,5.4678044
seg_cfed24,4.432246
seg_cff594,2.0466905
seg_d014a3,9.435775
seg_d0598e,2.7940993
seg_d062a6,9.476885
seg_d07c62,2.1924853
seg_d07ce8,9.61769
seg_d098df,6.86378
seg_d0c280,1.942441
seg_d0c8e2,3.817573
seg_d0f262,5.449479
seg_d0f803,4.4021506
seg_d1045e,8.95169
seg_d11ca8,7.151101
seg_d14524,3.6865416
seg_d146a6,4.471511
seg_d16534,7.1343136
seg_d19980,8.083315
seg_d1a281,4.68863
seg_d1a2b9,3.725185
seg_d1a8b3,2.6263447
seg_d1abaa,9.708217
seg_d1b91e,6.3334894
seg_d1ca05,9.431558
seg_d1cb37,9.149504
seg_d1eee8,9.621927
seg_d1fbb8,9.553066
seg_d21066,4.9122
seg_d21eb6,7.137993
seg_d24095,8.516847
seg_d247da,4.972106
seg_d2551a,9.285314
seg_d26f7d,9.451859
seg_d27193,3.2161984
seg_d27812,3.321033
seg_d29a4b,3.3535314
seg_d2a533,5.1502795
seg_d2ad9a,1.5931726
seg_d2cb02,5.0328627
seg_d2db6b,4.390399
seg_d2f588,9.4675665
seg_d30a9d,1.5989869
seg_d31583,9.338716
seg_d320f5,3.7959657
seg_d328bb,2.6253448
seg_d32f71,4.74083
seg_d32f8a,5.366006
seg_d35274,4.5129104
seg_d356ab,4.9535336
seg_d35e50,5.481374
seg_d36055,9.433086
seg_d36342,7.5196652
seg_d36681,7.567507
seg_d36737,3.2020502
seg_d37b05,7.2941594
seg_d39131,7.983993
seg_d398df,5.206547
seg_d3992e,9.368824
seg_d3bb14,4.1731176
seg_d3d8fc,3.57929
seg_d3f6b0,3.2964444
seg_d3f967,4.8474665
seg_d40bb2,9.006458
seg_d41daa,6.676588
seg_d42c77,6.7773004
seg_d44589,5.015024
seg_d47aba,4.6693535
seg_d4c763,5.7320642
seg_d4dec8,7.167621
seg_d4ea17,7.245975
seg_d508db,5.611419
seg_d516e3,7.3101
seg_d56ae2,7.794424
seg_d56d32,7.3423514
seg_d59e4e,3.7220302
seg_d5b100,4.7843657
seg_d5d3a1,4.8040676
seg_d5dbc1,4.4940753
seg_d5df41,6.5536604
seg_d5f344,3.5714903
seg_d60d18,5.209277
seg_d62e9c,2.0463128
seg_d63175,5.895896
seg_d661ce,4.3991175
seg_d668c0,6.633762
seg_d68930,9.301446
seg_d693b0,9.201847
seg_d6b198,3.948194
seg_d6b386,9.115006
seg_d6b546,6.545866
seg_d6dad6,5.3135777
seg_d6ea73,3.9005113
seg_d702b2,7.506084
seg_d71352,9.176893
seg_d740b2,9.629604
seg_d753f8,3.0195518
seg_d78093,4.1474757
seg_d78e7d,1.954614
seg_d795ab,6.823622
seg_d7967e,7.9668646
seg_d7a805,7.002419
seg_d7ab50,3.6550407
seg_d7f015,4.9740357
seg_d7f53a,3.48319
seg_d8014d,4.486409
seg_d83890,4.756891
seg_d85e2e,4.9420652
seg_d86eb6,3.2164197
seg_d88da7,7.3041043
seg_d89369,1.639116
seg_d90c5f,2.0565238
seg_d91492,7.355862
seg_d9190c,3.322823
seg_d9352b,5.4510956
seg_d962cc,9.450628
seg_d9750c,4.7954793
seg_d9a2bb,4.983074
seg_d9b162,6.787511
seg_d9bb68,6.443879
seg_d9ce67,2.9919314
seg_d9d0e4,3.2586713
seg_d9dab4,9.024652
seg_da21ee,8.866216
seg_da7c3b,7.8159766
seg_da80c4,9.176895
seg_da8b88,4.381747
seg_dab0f9,5.2656794
seg_dad4f2,7.290066
seg_db3446,7.608273
seg_db3a95,5.226713
seg_db3fbe,9.530055
seg_db4185,3.0240636
seg_db606c,6.024904
seg_db694a,4.8050785
seg_db6d5f,6.049957
seg_db90c0,5.21655
seg_dbbb44,6.261001
seg_dbc615,2.0697277
seg_dbf3f2,1.6865641
seg_dc188b,5.2207193
seg_dc1cf0,9.587324
seg_dc23c0,8.948074
seg_dc4698,2.740749
seg_dc5e63,2.4674487
seg_dc6e94,4.8849974
seg_dc73b8,4.3336973
seg_dc7e0d,1.6550413
seg_dca2c2,7.650533
seg_dcb51d,4.719674
seg_dcbe02,4.5259266
seg_dcd9df,1.7888697
seg_dcee28,4.552101
seg_dceeca,4.873921
seg_dcf242,5.1975102
seg_dcfb4b,8.915431
seg_dd0b11,2.79707
seg_dd4594,4.8224406
seg_dd699c,2.672842
seg_dd780d,4.6852694
seg_dd8805,6.2667246
seg_ddbadc,6.849691
seg_ddc800,8.60152
seg_ddd206,6.670129
seg_ddddf0,4.753473
seg_de225c,9.601606
seg_de3237,7.952689
seg_de3d5e,4.88317
seg_de4e1d,5.1181526
seg_de8180,3.1782913
seg_de98fa,4.5470676
seg_de9e32,9.6159315
seg_df0df7,7.151837
seg_df352f,1.7938316
seg_df45b0,6.8505754
seg_df8385,2.7898078
seg_df8e0a,7.4521704
seg_df99d4,4.6077332
seg_dff078,5.2625446
seg_e00465,8.333708
seg_e051bc,4.4395447
seg_e05de2,2.8138003
seg_e067ab,7.038254
seg_e09301,1.8926704
seg_e0c329,4.8120365
seg_e0ce38,7.548691
seg_e0cfd4,4.8030086
seg_e0f296,7.7487226
seg_e10d3b,8.011907
seg_e13bd8,4.7986603
seg_e14149,5.5293245
seg_e1468f,9.375277
seg_e15cb9,5.4920425
seg_e197b8,4.94811
seg_e1a9e0,9.042037
seg_e1daa0,5.926514
seg_e1f045,5.1562757
seg_e1f081,8.017611
seg_e20d76,4.6123915
seg_e217fc,3.288549
seg_e2209b,4.9581137
seg_e24496,7.5819387
seg_e24f69,5.2170606
seg_e256bd,2.4785857
seg_e25aca,3.531177
seg_e266f4,5.7426987
seg_e27c0a,4.4916973
seg_e29670,4.3288674
seg_e2b8b1,9.685561
seg_e2c82c,4.6504555
seg_e3005e,4.596881
seg_e30e44,1.722854
seg_e30ef5,3.0764875
seg_e34052,4.208466
seg_e37b8e,4.4940214
seg_e3b1f1,6.566432
seg_e3ca24,7.493294
seg_e3cf1a,4.7374325
seg_e3d751,0.3070798
seg_e3dafa,9.699732
seg_e3e762,7.629039
seg_e40348,5.172469
seg_e405fe,4.847059
seg_e40d64,6.8088503
seg_e41fc9,5.1005764
seg_e47d2b,3.09935
seg_e481c7,6.4904947
seg_e48c23,6.9000263
seg_e49750,3.9906087
seg_e4c15a,5.229169
seg_e4f203,3.865305
seg_e4f403,4.5407014
seg_e50f16,9.501147
seg_e52f8c,5.3258553
seg_e53a52,4.925546
seg_e54932,7.707967
seg_e5750a,9.574424
seg_e59dca,7.7402596
seg_e5b510,3.875019
seg_e5c033,5.785065
seg_e5deec,4.5949025
seg_e5e238,3.922575
seg_e5f9ec,6.846585
seg_e5fbc1,1.2138159
seg_e60719,8.29269
seg_e6307f,7.9630785
seg_e64dfa,5.341565
seg_e65e69,4.4674597
seg_e66697,4.2103777
seg_e6b236,6.524037
seg_e6bd3f,4.5625205
seg_e6c973,6.976064
seg_e6e1df,2.7828097
seg_e6e24e,5.8083644
seg_e71dda,5.1990895
seg_e72f10,7.462818
seg_e742dc,9.309787
seg_e76e6e,3.4854093
seg_e7ac12,5.084657
seg_e7ced6,7.6929913
seg_e7d1f8,4.0346155
seg_e7d3e7,6.290388
seg_e80726,4.778121
seg_e81b50,3.0515847
seg_e8385f,9.417649
seg_e85f55,1.7410331
seg_e86e44,4.4823885
seg_e86ed1,9.098471
seg_e86f77,4.29247
seg_e877a5,5.0008917
seg_e8a2c4,5.670061
seg_e8a4f4,5.756738
seg_e8ac98,2.5333838
seg_e8ad6b,5.303849
seg_e8b2b3,6.389613
seg_e8bcde,3.074448
seg_e8ce6a,2.3232932
seg_e8d02f,4.8178015
seg_e90c0d,5.6257186
seg_e92526,4.2559137
seg_e9272e,4.6275454
seg_e96140,4.918272
seg_e98217,4.4117694
seg_e9a09f,3.9156942
seg_e9aa44,9.347153
seg_e9df42,7.8612576
seg_e9e65b,6.356051
seg_ea0091,5.2031345
seg_ea05c1,7.54508
seg_ea096b,9.487941
seg_ea098b,7.757292
seg_ea4d3a,7.9820223
seg_ea78c0,5.1165795
seg_ea8270,8.151671
seg_ea9d37,3.008442
seg_ea9fa4,9.171194
seg_eaa0ec,6.8194985
seg_eabb2c,9.242688
seg_eacccf,4.6196446
seg_ead30e,4.5079303
seg_eb0b19,8.831352
seg_eb1d6e,3.0701036
seg_eb2e11,6.073563
seg_eb32bc,1.71373
seg_eb47a9,2.11628
seg_eb692c,9.317008
seg_eb7595,5.2233152
seg_eb7f91,4.2781706
seg_eba22d,8.1796875
seg_ebb79f,4.967223
seg_ebd77b,9.448848
seg_ebe36c,4.7720113
seg_ebec3e,2.0710282
seg_ec0e7b,6.715908
seg_ec4645,5.338347
seg_ec73d5,2.9684114
seg_ec973c,9.444789
seg_eca2eb,5.068116
seg_ecaef0,5.467442
seg_eccb17,1.7235669
seg_ecdca4,4.805156
seg_ecf28d,5.167999
seg_ecf81b,7.732355
seg_ed07b0,4.83364
seg_ed3e4c,7.1019936
seg_ed52ac,8.289354
seg_ed7741,8.385661
seg_ed7dee,5.0162864
seg_ed7f69,2.2665033
seg_edda79,7.1327577
seg_edecaa,4.1678343
seg_ee1cfc,4.443304
seg_ee2781,8.300296
seg_ee4479,3.9919372
seg_ee4ae5,3.2420192
seg_ee7224,1.9345065
seg_ee87e2,4.1038485
seg_ee8f87,4.929884
seg_eea20e,9.19136
seg_eebbc2,4.509818
seg_eee89d,3.0084486
seg_eefd4a,2.1007552
seg_ef24bd,4.605931
seg_ef27c8,1.9663097
seg_ef47c4,8.164831
seg_ef644a,5.9757857
seg_ef660a,8.2377205
seg_ef74dc,5.188931
seg_ef779d,3.639481
seg_ef9105,9.285272
seg_efb639,7.5082707
seg_efbf3e,5.449271
seg_efc5fb,8.450827
seg_efd9ec,9.245657
seg_f003ca,7.118369
seg_f01368,5.9252114
seg_f0181d,4.956127
seg_f02d32,5.8151684
seg_f056d8,4.8666873
seg_f0574b,5.2358165
seg_f073e2,3.6139102
seg_f0ce4a,4.561013
seg_f0cedb,7.8706203
seg_f0d278,2.0064292
seg_f0db55,2.2978702
seg_f11620,4.9342775
seg_f11f77,5.512111
seg_f165f6,1.6603228
seg_f19f8e,7.8565283
seg_f1a771,4.7128553
seg_f1b916,2.2753305
seg_f1f5b9,2.829565
seg_f21a22,2.3417287
seg_f21bf4,5.5253425
seg_f22163,9.618949
seg_f229bf,5.198355
seg_f24292,4.985994
seg_f2750c,6.453648
seg_f2a20d,4.595024
seg_f2ae5e,5.2003927
seg_f2b0c5,3.3958702
seg_f2cb5e,3.0346966
seg_f2f5a3,1.9764946
seg_f3063a,5.816655
seg_f30b2f,5.8670397
seg_f30f0c,6.445744
seg_f322b1,5.6016264
seg_f342a3,2.8304834
seg_f34877,6.778028
seg_f383fb,4.6298985
seg_f3c578,4.543087
seg_f43730,5.3099594
seg_f43ab6,1.3175482
seg_f455bc,9.499101
seg_f46cc1,1.97752
seg_f48363,3.3063998
seg_f48db9,3.5364513
seg_f4ad4b,5.2181726
seg_f4d644,2.9204497
seg_f52cdc,9.280608
seg_f5406b,4.9483905
seg_f579ba,3.9261446
seg_f57ca1,9.436984
seg_f59974,8.522071
seg_f5a4ee,9.246742
seg_f5a6ab,7.357985
seg_f5d2dd,9.312155
seg_f5e682,4.545602
seg_f60872,5.6370764
seg_f618a8,7.98118
seg_f61b0e,5.6626062
seg_f639cd,8.928739
seg_f639ec,5.6968303
seg_f650cc,4.5366783
seg_f6659e,2.6233258
seg_f66db1,7.1450577
seg_f679c6,8.038464
seg_f67ce2,3.3592935
seg_f6828d,1.632113
seg_f69c38,4.3888106
seg_f6a217,2.8814745
seg_f6abc5,9.400382
seg_f6b70c,6.986846
seg_f6bae8,3.9951887
seg_f6c0cb,3.2092185
seg_f6c928,7.6259027
seg_f6cfd4,7.4088616
seg_f6d51b,1.6165502
seg_f6e1ca,4.735554
seg_f6e89f,7.4627724
seg_f6f523,2.5884066
seg_f6f683,5.341435
seg_f7050a,5.1723795
seg_f70b66,5.352673
seg_f71db8,6.4723353
seg_f7290f,4.84591
seg_f734c8,8.124976
seg_f741af,3.9083834
seg_f77ee5,9.605832
seg_f7d792,1.7807401
seg_f7de40,6.6531467
seg_f80e44,5.724588
seg_f83d28,4.192516
seg_f865be,1.9158553
seg_f86c41,5.1052475
seg_f88d4a,2.5296621
seg_f8db0a,3.9468803
seg_f8dd7e,5.0871115
seg_f931de,4.1198897
seg_f93ce5,4.544543
seg_f95fd3,7.4302025
seg_f96d0e,3.109353
seg_f96d5a,7.447045
seg_f97274,2.6840863
seg_f99b64,6.3694687
seg_f9e4f2,9.437422
seg_f9eea3,4.663083
seg_fa0ac7,5.712925
seg_fa34c7,6.878125
seg_fa488e,4.7243447
seg_fa4df0,3.6844792
seg_fa6383,6.247775
seg_fa796b,4.622645
seg_fa9f00,4.6510315
seg_fad815,3.1423254
seg_fb00b3,9.619592
seg_fb11ba,5.4865503
seg_fb1f5c,9.43262
seg_fb4c26,5.1021957
seg_fb74f0,6.921482
seg_fb76ca,6.3797865
seg_fb8af5,3.735177
seg_fb9491,2.8251624
seg_fb9b2e,7.034524
seg_fbce13,4.5163493
seg_fbd66b,3.7844605
seg_fbddb9,9.488671
seg_fbe3c2,5.4990015
seg_fbf17a,8.491538
seg_fbff25,2.1678457
seg_fc407c,4.692283
seg_fc57d4,1.595759
seg_fc8fd6,1.7390621
seg_fcb7d0,9.24176
seg_fcca66,5.321171
seg_fcd32e,5.1502743
seg_fd19b8,9.493156
seg_fd374e,4.7481303
seg_fd6340,4.7577167
seg_fd8add,6.047334
seg_fd9ac1,4.957548
seg_fdba93,3.2703552
seg_fdc1d4,4.7851505
seg_fdd50e,2.428216
seg_fde767,4.675294
seg_fde86d,6.3523674
seg_fdff11,1.8771682
seg_fe2aac,4.9786906
seg_fe5945,3.542088
seg_fe70c0,6.20527
seg_fe73b1,9.036147
seg_fe86f5,5.277711
seg_fea3e2,8.015734
seg_feb312,6.870806
seg_fedbd1,8.053895
seg_ff0f1b,4.3762593
seg_ff1a62,8.075205
seg_ff2f2d,4.940795
seg_ff4236,4.913877
seg_ff7478,6.3185525
seg_ff79d9,4.415675
seg_ffbd6a,1.6276982
seg_ffe7cc,8.3652315
